1,耶和华,创2:4
2,神,创1:1
3,以色列,创32:28
4,因为,创2:3
5,儿子,创4:17
6,没有,创2:5
7,耶稣,太1:1
8,自己,创1:27
9,一切,创1:22
10,时候,创4:26
11,面前,创2:19
12,大卫,得4:17
13,知道,创3:5
14,不可,创2:17
15,什么,创2:19
16,犹大,创29:35
17,祭司,创14:18
18,出来,创1:9
19,摩西,出2:10
20,可以,创1:14
21,看见,创6:2
22,耶路撒冷,书10:1
23,百姓,创17:16
24,不要,创15:1
25,吩咐,创2:16
26,埃及,创12:10
27,仆人,创14:15
28,众人,创11:9
29,不是,创18:25
30,如此,创9:5
31,听见,创3:8
32,弟兄,创9:5
33,所以,创10:9
34,于是,创1:12
35,告诉,创3:11
36,利亚,创22:2
37,起来,创2:5
38,直到,创3:19
39,子孙,创10:21
40,以利,创10:4
41,不能,创13:6
42,一样,创9:3
43,基督,太1:1
44,日子,创1:14
45,中间,创10:12
46,已经,创2:2
47,地上,创1:15
48,先知,创20:7
49,现在,创3:22
50,那时,创4:26
51,扫罗,创36:37
52,父亲,创9:18
53,雅各,创25:26
54,并且,创2:12
55,永远,创3:22
56,身上,创2:22
57,心里,创8:21
58,攻击,出1:10
59,智慧,创3:6
60,荣耀,创31:1
61,这里,创9:10
62,回答,创23:5
63,临到,创19:19
64,地方,创10:30
65,赐给,创1:29
66,洁净,创7:2
67,离开,创2:24
68,怎样,创2:19
69,平安,创12:13
70,律法,出13:9
71,支派,创10:32
72,亚伯,创4:2
73,利未,创29:34
74,许多,创12:16
75,门徒,王上20:35
76,原文,创13:8
77,来到,创6:13
78,打发,创3:23
79,亚伦,创35:8
80,那些,创7:23
81,好像,创40:10
82,一同,创17:26
83,仇敌,创22:17
84,个人,创18:2
85,其中,创18:24
86,妇人,创12:11
87,这事,创3:14
88,巴比伦,王下17:24
89,乃是,创1:27
90,声音,创3:8
91,今日,创19:5
92,首领,出2:14
93,天上,创1:14
94,列祖,创15:15
95,旷野,创14:6
96,所说,创19:21
97,所罗门,撒下5:14
98,出去,创3:24
99,所有,创3:1
100,约瑟,创30:24
101,非利士,创10:14
102,女儿,创6:1
103,恶人,创18:25
104,两个,创1:16
105,不再,创4:12
106,法老,创12:15
107,衣服,创3:21
108,亚比,创10:28
109,不得,创27:12
110,脱离,创32:11
111,外邦,创35:2
112,书亚,创25:2
113,起誓,创14:22
114,二十,创6:3
115,万军,撒上1:3
116,公义,创18:25
117,儿女,创3:16
118,审判,创18:25
119,无论,创9:5
120,说话,创4:8
121,十二,创5:8
122,亚伯拉罕,创17:5
123,拉罕,创17:5
124,放在,创9:13
125,一只,创6:14
126,耶利,民22:1
127,石头,创11:3
128,这话,创18:10
129,犹太,赛7:6
130,如同,创9:3
131,居民,创19:25
132,聚集,创29:3
133,按着,创1:26
134,各人,创9:5
135,士人,创10:14
136,以利亚,出6:23
137,孩子,创11:30
138,手中,创5:29
139,葡萄,创9:20
140,以后,创9:28
141,祷告,创20:7
142,大人,民2:3
143,听从,创3:17
144,使者,创16:7
145,罪孽,创15:16
146,成为,创2:24
147,从前,创13:3
148,不知,创4:9
149,约书亚,出17:9
150,亚撒,出6:23
151,只是,创2:17
152,女子,创6:2
153,见证,创31:50
154,指着,创21:23
155,安息,创2:2
156,坐在,创18:1
157,列国,申8:20
158,城邑,创13:12
159,亚哈,撒下23:34
160,那人,创2:15
161,或是,创26:11
162,进入,创6:18
163,彼此,创3:15
164,那日,创7:13
165,上来,创24:16
166,争战,出1:10
167,建造,创4:17
168,以法,创25:4
169,因此,创2:24
170,手里,创4:11
171,银子,创17:12
172,保罗,徒13:7
173,应当,创9:26
174,摩押,创19:37
175,妻子,创2:24
176,惧怕,创9:2
177,圣灵,民27:18
178,后裔,创3:15
179,意思,创4:1
180,应许,创18:19
181,如今,创4:14
182,还有,创19:12
183,基列,创14:5
184,交给,创18:7
185,言语,创11:1
186,作为,创20:16
187,帮助,创2:18
188,牲畜,创1:24
189,生命,创1:20
190,为什么,创4:6
191,敬畏,创22:12
192,赎罪,出29:14
193,羊羔,创21:28
194,四围,创23:17
195,认识,创29:5
196,慈爱,创19:19
197,不洁,创7:2
198,头上,创23:9
199,犹太人,太2:2
200,免得,创3:3
201,为何,创21:17
202,拯救,创45:7
203,欢喜,出4:14
204,以法莲,创41:52
205,跟随,创24:32
206,人子,民23:19
207,至于,创1:30
208,雅悯,创35:18
209,长老,创50:7
210,产业,创21:10
211,母亲,创21:21
212,必将,创28:22
213,上去,创19:19
214,彼得,太4:18
215,回来,创8:12
216,偶像,出20:4
217,主人,创24:9
218,经过,创12:6
219,便雅悯,创35:18
220,喜悦,创48:17
221,食物,创1:29
222,记念,创8:1
223,约旦,创13:10
224,天使,创19:1
225,教训,出18:20
226,帐幕,出25:9
227,会众,出12:3
228,拿单,士18:30
229,亚兰,创10:22
230,差遣,创24:7
231,果子,创1:11
232,里面,创6:3
233,眼前,创6:8
234,迦勒,创11:28
235,约旦河,创13:10
236,大王,书10:28
237,以为,创19:14
238,发怒,创4:5
239,三十,创5:3
240,居住,创10:5
241,房屋,创24:31
242,遵行,出19:8
243,锡安,撒下5:7
244,城里,创18:24
245,约拿,士18:30
246,复活,王下8:5
247,献给,创4:3
248,迦南,创9:18
249,丈夫,创3:6
250,咒诅,创3:14
251,君王,创17:6
252,赞美,创29:35
253,变为,出4:4
254,一百,创5:3
255,然而,创6:3
256,剩下,创32:8
257,勇士,申3:18
258,亚述,创2:14
259,兄弟,创4:2
260,亚希,出31:6
261,各样,创1:21
262,观看,创6:12
263,下来,创8:11
264,罗波安,王上11:26
265,明白,创24:33
266,中所,创1:21
267,玛利,创10:18
268,要为,创2:18
269,进去,创9:23
270,家里,创14:14
271,约押,撒上26:6
272,约翰,太3:1
273,成就,创11:6
274,国中,创47:6
275,巴力,出14:2
276,五十,创6:15
277,玛拿西,创41:51
278,耶利米,王下23:31
279,利沙,创10:4
280,臣仆,创20:8
281,第二,创1:8
282,族长,创17:20
283,永生,创21:33
284,撒母耳,撒上1:20
285,正如,创7:9
286,预备,创18:7
287,眼中,创38:7
288,遇见,创2:20
289,毁灭,创6:13
290,公牛,创32:15
291,安息日,出16:23
292,坚固,民13:28
293,山羊,创15:9
294,未曾,创24:16
295,惟有,创3:1
296,希伯,创10:21
297,亚玛,创14:7
298,所作,创9:24
299,以撒,创17:19
300,能力,创31:29
301,死亡,创47:19
302,可憎,利7:18
303,二人,创2:24
304,灭绝,创9:11
305,律例,创26:5
306,沙龙,士6:24
307,马利亚,王上13:32
308,以东,创25:30
309,缘故,创3:17
310,心中,创6:6
311,寄居,创15:13
312,命令,创26:5
313,污秽,创49:4
314,以外,创31:50
315,耶稣基督,太1:1
316,少年,创4:23
317,以致,创4:14
318,倚靠,创27:40
319,希西,王下16:20
320,赶出,创3:24
321,晓谕,创9:8
322,诚实,创24:27
323,希西家,王下16:20
324,以利沙,创10:4
325,福音,王上17:9
326,敌人,创14:15
327,割礼,创17:10
328,实在,创18:15
329,喜乐,士9:13
330,早晨,创1:5
331,恐怕,创3:22
332,指示,创12:1
333,所得,创12:5
334,弟兄们,创29:4
335,刀剑,创27:40
336,拣选,创41:33
337,狮子,创49:9
338,之处,出28:27
339,黑暗,创1:2
340,帐棚,创4:20
341,四十,创5:13
342,上有,创1:30
343,诫命,出15:26
344,正直,创20:6
345,怜悯,创43:14
346,照样,创6:22
347,山上,创8:4
348,别人,创12:2
349,十个,创18:24
350,称为,创21:12
351,忿怒,民1:53
352,不肯,创24:5
353,追赶,创31:23
354,遵守,创17:9
355,安营,出13:20
356,来攻,出15:7
357,器皿,出37:16
358,带到,创2:19
359,少年人,创4:23
360,若是,创18:21
361,离弃,创28:15
362,焚烧,出22:6
363,怒气,创27:44
364,施行,出3:20
365,羊群,创4:4
366,世界,创6:11
367,约拿单,士18:30
368,城门,创19:1
369,发人,创27:42
370,磐石,创49:24
371,世上,创6:1
372,后来,创6:4
373,逃跑,创14:10
374,虽然,创18:27
375,等候,创22:5
376,愚昧,创31:28
377,聪明,创41:33
378,安慰,创5:29
379,荒凉,创47:19
380,权柄,出21:8
381,喜爱,创3:6
382,绵羊,创15:9
383,剪除,创17:14
384,前来,创18:23
385,性命,创19:19
386,愿意,创38:17
387,女人,创2:22
388,大大,创4:5
389,三个,创6:10
390,一位,创18:10
391,谨守,出12:42
392,口中,出13:9
393,快乐,民10:10
394,万民,创49:10
395,犯罪,出9:34
396,寻求,申4:29
397,世人,创11:5
398,牛犊,创18:7
399,必要,创18:10
400,回去,创24:28
401,我心,创24:45
402,必得,创15:8
403,人为,创26:7
404,门口,创18:1
405,身体,创25:25
406,知识,出31:3
407,郊野,利25:34
408,兴起,民10:35
409,晚上,创1:5
410,赐福,创1:22
411,充满,创1:22
412,不在,创5:24
413,路上,创10:19
414,米勒,创20:2
415,晓得,创24:21
416,过去,创32:16
417,押沙龙,撒下3:3
418,击杀,创32:8
419,主耶稣,可16:19
420,应允,创17:20
421,教会,太16:18
422,别的,创28:17
423,宝座,创41:40
424,行事,利26:21
425,利人,创10:16
426,以扫,创25:25
427,眼睛,创3:5
428,大声,创39:14
429,第三,创1:13
430,回到,创8:9
431,葡萄园,创9:20
432,宗族,创10:5
433,先前,创21:1
434,显现,创12:7
435,她们,创19:33
436,打仗,出13:17
437,灭亡,利26:38
438,七日,创2:2
439,称颂,创9:26
440,下去,创11:7
441,出于,创24:50
442,诡诈,创34:13
443,坟墓,创50:5
444,预言,民11:26
445,一日,创1:5
446,十五,创5:10
447,旁边,创6:16
448,毁坏,创9:11
449,城中,创19:12
450,得以,创24:40
451,利巴,创36:2
452,不信,创45:26
453,使徒,太10:2
454,金子,创2:11
455,华为,创16:13
456,人手,创32:16
457,发出,出15:7
458,典章,出15:25
459,赦免,出23:21
460,论到,利17:14
461,迦勒底,创11:28
462,祝福,创12:3
463,所生,创15:4
464,公羊,创22:13
465,只要,创24:41
466,周围,创35:5
467,西亚,书5:1
468,分别,创1:18
469,攻打,创14:2
470,除掉,创35:2
471,邻舍,出3:22
472,得救,王下19:11
473,法利,太3:7
474,法利赛,太3:7
475,哥哥,创10:21
476,军队,出6:26
477,沙法,民13:5
478,耶罗波安,王上11:26
479,信心,太8:10
480,看守,创2:15
481,世代,创6:9
482,将要,创15:5
483,并要,创1:15
484,行为,创6:12
485,财物,创12:5
486,圣洁,出19:6
487,以上,创1:7
488,留下,创7:23
489,以弗,创23:8
490,接续,创36:33
491,管理,创1:18
492,所立,创9:12
493,归回,创28:15
494,羞辱,创34:14
495,歌唱,出15:1
496,之中,创1:20
497,哪里,创3:9
498,归于,创3:19
499,饥荒,创12:10
500,存活,创12:12
501,十分,创14:20
502,敬拜,创47:31
503,灾祸,创19:19
504,将来,创25:23
505,当作,创31:15
506,责备,创31:42
507,亚述王,王下15:19
508,甲尼,创10:10
509,长子,创10:15
510,摩利,创10:16
511,力量,创31:6
512,困苦,创41:51
513,欺压,出3:9
514,约沙,撒下8:16
515,一座,创4:17
516,同去,创12:4
517,妇女,创14:16
518,所应,创14:24
519,一千,创20:16
520,指望,得1:12
521,甚至,创16:10
522,朋友,创26:26
523,柱子,创28:18
524,拆毁,出23:24
525,大祭司,利21:10
526,藐视,民14:11
527,忘记,申4:9
528,约沙法,撒下8:16
529,父母,创2:24
530,活着,创3:22
531,奴仆,创9:25
532,承受,创15:2
533,起行,创18:16
534,迦得,创30:11
535,比亚,出6:24
536,神人,申33:1
537,加利,书20:7
538,尼布甲,王下24:1
539,尼布甲尼,王下24:1
540,尼布甲尼撒,王下24:1
541,天下,创1:9
542,起名,创3:20
543,巴兰,创14:6
544,分给,创25:6
545,礼物,创32:13
546,神迹,出4:8
547,翅膀,出19:4
548,国民,出19:6
549,脂油,创4:4
550,求告,创4:26
551,家中,创15:3
552,几时,创19:33
553,祖宗,创46:34
554,报应,申7:10
555,大利,士16:4
556,起名叫,创3:20
557,罪恶,创6:5
558,立约,创6:18
559,无论是,创9:5
560,岂能,创18:12
561,一块,创23:4
562,在世,创5:4
563,美的,创12:11
564,还是,创19:8
565,下到,创24:16
566,玷污,创34:5
567,公平,申25:15
568,眼目,创2:9
569,田野,创3:1
570,七十,创4:24
571,这个,创5:29
572,随从,出34:15
573,城墙,利25:31
574,跌倒,利26:36
575,旨意,代上25:2
576,行走,创3:8
577,刑罚,创4:13
578,十岁,创5:3
579,撒拉,创5:21
580,所要,创11:6
581,十四,创11:16
582,孙子,创11:31
583,流便,创29:32
584,一件,创30:31
585,献祭,创31:54
586,除了,创39:6
587,有罪,创42:21
588,右手,创48:13
589,书上,出17:14
590,文士,代上2:55
591,十年,创5:13
592,强暴,创6:11
593,亚摩利,创10:16
594,得罪,创20:6
595,寡妇,创38:14
596,七个,创41:5
597,患难,创48:16
598,之后,创5:4
599,以及,创6:7
600,全家,创7:1
601,吃饭,创31:54
602,医治,出15:26
603,田间,创2:5
604,夜间,创14:15
605,迎接,创14:17
606,几个,创22:20
607,切事,创24:1
608,尼珥,申3:9
609,耶户,王上16:1
610,粮食,创14:11
611,穷人,出22:25
612,尼雅,撒下3:4
613,十字,箴8:2
614,极其,创7:19
615,二个,创17:20
616,欢乐,创31:27
617,劳碌,创31:42
618,那边,创35:21
619,以利亚撒,出6:23
620,总要,出10:25
621,亵渎,利18:21
622,第七,创2:2
623,道路,创3:24
624,牧人,创13:7
625,俯伏,创17:3
626,金银,创24:35
627,而且,创28:6
628,逾越,出12:11
629,杀人,出20:13
630,幔子,出26:1
631,二千,出38:29
632,悖逆,申9:7
633,但以理,拉8:2
634,十字架,太10:38
635,字架,太10:38
636,不见,创4:14
637,完全,创6:9
638,惊惶,创45:3
639,救赎,创48:16
640,还要,利13:5
641,憎恶,利18:22
642,恨恶,利26:17
643,哈斯,王下10:35
644,人身,创2:22
645,本地,创11:28
646,特利,创12:8
647,盾牌,创15:1
648,奇事,出3:20
649,逾越节,出12:11
650,山地,民13:17
651,凡事,书1:8
652,盼望,斯9:1
653,名字,创2:19
654,惟独,创9:4
655,平原,创11:2
656,察看,创18:21
657,岂不是,创20:5
658,施恩,创24:12
659,田地,创27:27
660,官长,出5:6
661,加利利,书20:7
662,西门,代上26:16
663,二百,创11:19
664,示剑,创12:6
665,伯特利,创12:8
666,外人,创17:12
667,想要,创19:9
668,不容,创20:6
669,忧愁,创21:11
670,护卫,创37:36
671,全会,出12:3
672,欢呼,利9:24
673,香柏,利14:4
674,根基,申32:22
675,治理,创1:28
676,伸手,创3:22
677,祈求,创25:21
678,原来,创26:7
679,颈项,创27:16
680,如何,创27:20
681,公山,创30:35
682,麻布,创37:34
683,阴间,创37:35
684,要以,出4:16
685,数目,出5:8
686,兵器,出13:18
687,仰望,撒下22:42
688,忽然,创15:12
689,远远,创22:4
690,不过,创31:52
691,所剩,创47:18
692,站立,出20:18
693,骄傲,利26:19
694,应验,民11:23
695,仆倒,民24:4
696,登基,撒上13:1
697,称谢,撒下22:50
698,不着,创8:9
699,必须,创17:13
700,嘱咐,创28:1
701,膀臂,出6:6
702,网罗,出10:7
703,不义,出18:21
704,火焚,出22:6
705,祭坛,出30:28
706,感谢,利7:12
707,而来,民24:24
708,舌头,士7:5
709,活物,创1:24
710,献上,创4:4
711,六十,创5:15
712,败坏,创6:11
713,过来,创15:5
714,要说,创32:20
715,前面,出23:20
716,约阿施,士6:11
717,司长,撒下8:17
718,遍地,创1:29
719,靠近,创14:6
720,只有,创14:24
721,领出,创19:8
722,何等,创28:17
723,软弱,创41:19
724,释放,创43:14
725,归给,出13:12
726,冠冕,出28:4
727,忍耐,民14:27
728,设立,申16:18
729,称赞,申26:19
730,右边,撒下24:5
731,羞愧,王下19:26
732,三日,创1:13
733,当时,创2:25
734,大地,创4:5
735,境界,创10:19
736,亚伯兰,创11:26
737,建立,创16:2
738,十二个,创17:20
739,呼叫,创19:5
740,不如,创26:28
741,亲爱,创37:4
742,显明,创41:28
743,能者,创49:24
744,折断,出12:46
745,收割,出23:16
746,宝石,出24:10
747,一万,利26:8
748,圣者,申33:2
749,既然,创19:8
750,谨慎,创24:6
751,米甸,创25:2
752,尊荣,创49:3
753,瘟疫,出5:3
754,效法,出23:24
755,等到,出23:30
756,二万,民3:39
757,人大,民11:4
758,利巴嫩,申1:7
759,居所,申12:5
760,参孙,士13:24
761,约西,王上13:2
762,以下,创1:7
763,要到,创6:20
764,存留,创8:22
765,比利,创13:7
766,判断,创16:5
767,万国,创18:18
768,现今,创19:37
769,哀哭,创37:35
770,子民,出19:5
771,震动,出19:18
772,雕刻,出20:4
773,恩惠,出22:27
774,蒙羞,民12:14
775,撒迦,申3:10
776,禁食,士20:26
777,枯乾,王上13:4
778,会堂,太4:23
779,掳掠,创14:11
780,日头,创15:12
781,一般,创19:28
782,亚比米勒,创20:2
783,倘若,创24:5
784,以前,创41:50
785,不住,出9:11
786,残疾,出12:5
787,担当,出28:38
788,耶利哥,民22:1
789,罪人,民32:14
790,西底家,王上22:11
791,真理,诗25:5
792,害怕,创3:10
793,遭遇,创12:10
794,一点,创18:5
795,然后,创18:5
796,显出,创19:19
797,村庄,创25:16
798,两只,创27:9
799,神殿,创28:19
800,撕裂,创31:39
801,西拉,创46:17
802,和平,出18:12
803,灯台,出25:31
804,与其,利11:14
805,迦南人,创12:6
806,南人,创12:6
807,十三,创14:4
808,怜恤,创19:16
809,军长,创21:22
810,前行,创33:14
811,悲哀,创37:34
812,米拉,创46:11
813,约伯,创46:13
814,精金,出25:11
815,哈拿,书19:14
816,约哈,王下10:35
817,飞鸟,创1:21
818,受苦,创3:16
819,示巴,创10:7
820,肉体,创17:13
821,上到,创19:1
822,有神,创21:22
823,,创24:29
824,打死,出2:12
825,大麻,出4:6
826,传给,出4:15
827,远离,出23:7
828,烧香,出30:1
829,归向,申30:2
830,约兰,撒下8:10
831,约西亚,王上13:2
832,荆棘,创3:18
833,十八,创14:14
834,一半,创15:10
835,不然,创17:19
836,在外,创20:13
837,拉班,创24:30
838,引导,创24:48
839,十一,创32:22
840,葡萄树,创40:9
841,器具,创42:25
842,必成,创48:19
843,之下,出23:5
844,穷乏,利25:25
845,侧耳,申1:45
846,圣徒,申33:3
847,基甸,士6:11
848,分散,创9:19
849,归到,创15:15
850,筵席,创19:3
851,祈祷,出8:28
852,祭物,出10:25
853,制造,出25:9
854,桌子,出25:23
855,火祭,出29:18
856,说谎,利6:3
857,领受,申9:9
858,必然,书3:13
859,逃脱,书8:22
860,践踏,士20:43
861,押尼珥,撒上14:50
862,推罗,撒下5:11
863,写信,撒下11:14
864,亚萨,王下18:18
865,长存,代上16:34
866,末底改,拉2:2
867,接待,结16:61
868,彼拉多,太27:2
869,拉多,太27:2
870,无花果,创3:7
871,花果,创3:7
872,七天,创7:4
873,选择,创13:11
874,大马,创14:15
875,赏赐,创15:1
876,或者,创16:2
877,全能,创17:1
878,起身,创21:32
879,躺卧,创28:11
880,得胜,创30:8
881,大家,创31:46
882,已将,创41:25
883,虚空,创41:27
884,抢夺,创43:18
885,击打,出7:17
886,以来,出9:18
887,阿们,民5:22
888,拉巴,申1:1
889,巴拉,书15:9
890,王宫,撒下11:2
891,希奇,诗118:23
892,之间,创1:6
893,尘土,创2:7
894,橄榄,创8:11
895,一岁,创8:13
896,率领,创14:14
897,十分之一,创14:20
898,对面,创18:2
899,益处,创25:32
900,各家,创46:27
901,胜过,创49:26
902,全然,出17:14
903,贫穷,出22:25
904,四个,出25:12
905,常常,出27:20
906,尸首,利26:30
907,修造,民21:27
908,巴珊,民21:33
909,隐藏,书2:4
910,以赛亚,王下19:2
911,光明,伯12:22
912,海中,创1:22
913,他玛,创14:7
914,赫人,创15:20
915,使女,创16:1
916,房子,创19:4
917,恩典,创20:13
918,住处,创25:18
919,一年,创26:12
920,当日,创30:35
921,枝子,创30:37
922,百人,创32:6
923,衣裳,创35:2
924,灵魂,创35:18
925,境内,创47:11
926,逼迫,创49:23
927,他用,出5:3
928,打碎,出23:24
929,为主,利8:33
930,米迦,民13:13
931,止息,民17:5
932,一处,创1:9
933,安置,创2:8
934,七年,创5:7
935,六百,创7:6
936,亚拉,创8:4
937,骆驼,创12:16
938,大马色,创14:15
939,手下,创16:6
940,以实玛利,创16:11
941,坚定,创17:19
942,五个,创18:28
943,却是,创27:22
944,工作,出5:14
945,基利,出6:21
946,北方,书11:2
947,希律,撒下8:16
948,撒督,撒下8:17
949,亚撒利雅,王上4:2
950,走兽,创1:30
951,同住,创29:14
952,婢女,创29:24
953,要来,创37:10
954,美好,创41:2
955,哀号,出11:6
956,荣光,出16:10
957,违背,出23:21
958,高处,民22:41
959,保障,士6:26
960,耶何耶大,撒下8:18
961,交与,撒下10:10
962,正在,创4:8
963,代替,创4:25
964,三百,创5:22
965,二年,创5:26
966,馨香,创8:21
967,云彩,创9:13
968,亚拿,创10:13
969,人民,创11:6
970,三年,创11:13
971,比拉,创14:2
972,背叛,创14:4
973,往前,创18:3
974,必死,创33:13
975,述说,出4:30
976,至圣,出15:11
977,吞灭,出15:12
978,歌颂,出15:21
979,彷佛,出20:4
980,不用,出21:11
981,奠祭,出29:40
982,尊贵,民21:18
983,顺从,申13:4
984,耶西,书12:3
985,人心,王上8:39
986,不明,王上10:3
987,头生,创4:4
988,四百,创11:13
989,岂可,创18:17
990,素来,出21:29
991,遮盖,出21:33
992,示玛,书15:26
993,以斯帖,斯2:7
994,加增,创3:16
995,自从,创24:67
996,苦难,创42:21
997,财宝,创43:23
998,其实,出5:16
999,所求,出10:11
1000,留心,出15:26
1001,丢弃,申12:19
1002,顺服,王上11:4
1003,哈曼,斯3:1
1004,比喻,诗49:4
1005,树木,创1:11
1006,昼夜,创1:14
1007,第一,创2:11
1008,思想,创6:5
1009,蒙恩,创6:8
1010,各国,创10:5
1011,降临,创11:5
1012,渐渐,创12:9
1013,亚玛力,创14:7
1014,一根,创14:23
1015,急忙,创18:6
1016,吃喝,创31:46
1017,伯利恒,创35:19
1018,河边,创36:37
1019,巴勒,创36:38
1020,窥探,创42:9
1021,指教,出4:12
1022,形状,出24:17
1023,恳求,出32:11
1024,教导,出35:34
1025,不顾,申28:50
1026,迦特,书11:22
1027,杀戮,士21:11
1028,结果,创1:11
1029,血气,创6:3
1030,一天,创7:11
1031,富足,创14:23
1032,对着,创15:10
1033,一次,创18:32
1034,处女,创19:8
1035,所爱,创22:2
1036,拉结,创29:6
1037,三天,创30:36
1038,在乎,创41:16
1039,作恶,创44:5
1040,临近,创47:29
1041,火烧,出3:2
1042,祭献,出18:12
1043,百夫长,出18:21
1044,自由,出21:2
1045,各族,民4:24
1046,暗中,申5:22
1047,无知,申32:6
1048,靠着,士6:14
1049,天地,创1:1
1050,空中,创1:26
1051,妹子,创4:22
1052,布斯,创10:16
1053,举目,创13:10
1054,世世,创17:7
1055,进来,创24:31
1056,不出,创27:23
1057,拿弗他利,创30:8
1058,米斯,创31:49
1059,难道,创37:8
1060,回家,创39:16
1061,所受,出3:7
1062,骨头,出12:46
1063,拔出,出15:9
1064,所写,出24:12
1065,院子,出27:9
1066,乌利,出31:2
1067,宣告,出32:5
1068,数点,出38:21
1069,示罗,利24:11
1070,攻取,民32:4
1071,围困,申20:12
1072,所罗门王,王上1:34
1073,罗门王,王上1:34
1074,悔改,耶8:6
1075,五百,创5:30
1076,得住,创13:12
1077,不料,创15:17
1078,达到,创18:21
1079,下拜,创19:1
1080,街上,创19:2
1081,亲近,创20:4
1082,长大,创25:27
1083,带来,创27:5
1084,西缅,创29:33
1085,甘心,创46:30
1086,得来,出23:16
1087,保护,出23:20
1088,朱红,出25:4
1089,次日,出32:6
1090,人行,利4:27
1091,既是,利10:17
1092,本国,利19:18
1093,五千,民1:25
1094,哭泣,民25:6
1095,大卫王,撒下3:31
1096,哈难,撒下21:19
1097,撒玛,王上16:24
1098,地里,创2:9
1099,下面,创5:1
1100,永不,创8:22
1101,西顿,创10:15
1102,前所,创23:16
1103,西布伦,创30:20
1104,作工,创31:8
1105,波斯,创36:33
1106,无所,创47:18
1107,试探,出17:2
1108,毁谤,出22:28
1109,连得,出25:39
1110,头发,利13:41
1111,耶斯列,书15:56
1112,掌权,士5:14
1113,冷作,撒下5:5
1114,省长,王上10:15
1115,亚玛谢,王下12:21
1116,乌西,王下14:21
1117,必定,创2:17
1118,躲避,创3:8
1119,月初,创8:5
1120,耶布斯,创10:16
1121,所多玛,创10:19
1122,希伯来,创14:13
1123,任凭,创14:24
1124,世世代代,创17:7
1125,代代,创17:7
1126,恶事,创19:7
1127,逃到,创19:19
1128,强盛,创26:16
1129,夺去,创27:35
1130,不离,创28:15
1131,上面,创28:18
1132,下同,创29:31
1133,可拉,创36:5
1134,所出,创36:16
1135,痛苦,出3:7
1136,示每,出6:17
1137,降下,出9:18
1138,人居,出16:35
1139,千夫,出18:21
1140,淫乱,利19:29
1141,远方,民9:10
1142,警戒,民26:10
1143,愚妄,书7:15
1144,殿宇,撒下7:5
1145,玛利亚,代上23:19
1146,弃绝,诗53:5
1147,夫子,太8:19
1148,树上,创1:29
1149,万物,创2:1
1150,十七,创4:24
1151,可作,创9:13
1152,甚多,创13:6
1153,那样,创13:16
1154,十六,创16:16
1155,日期,创18:14
1156,要害,创19:9
1157,要死,创20:7
1158,试验,创22:1
1159,捆绑,创22:9
1160,随后,创24:48
1161,喊叫,创39:14
1162,之内,创40:13
1163,哀求,创41:55
1164,左右,创45:1
1165,宫殿,出8:3
1166,用水,出29:4
1167,兵丁,民31:21
1168,基比亚,书15:57
1169,训诲,代下15:3
1170,野兽,创1:24
1171,古实,创2:13
1172,火焰,创3:24
1173,百二,创6:3
1174,只管,创23:6
1175,法度,创26:5
1176,米斯巴,创31:49
1177,商议,创34:6
1178,喜欢,创34:18
1179,甚是,创35:16
1180,斯拉,创36:33
1181,掌管,创41:40
1182,哥辖,创46:11
1183,祸患,出5:19
1184,不敢,出10:23
1185,米利,出15:20
1186,行善,利5:4
1187,多尼,民1:11
1188,四千,民1:27
1189,记上,民21:14
1190,计谋,民31:16
1191,保守,申4:9
1192,地极,申28:49
1193,不但,申29:14
1194,毫无,申32:28
1195,撒玛利亚,拉4:10
1196,爱心,太24:12
1197,第四,创1:19
1198,牧养,创4:20
1199,斯人,创10:16
1200,传扬,创11:4
1201,果然,创18:21
1202,近前,创18:23
1203,可畏,创28:17
1204,神像,创31:19
1205,前头,创32:16
1206,男丁,创34:15
1207,越发,创37:5
1208,开口,创42:27
1209,拿住,出4:4
1210,这边,出17:12
1211,搭救,出18:8
1212,乐意,出25:2
1213,膏油,出25:6
1214,圣物,出28:38
1215,杀死,申19:6
1216,基遍,书9:3
1217,其次,得4:4
1218,哈谢,王上22:40
1219,写信给,代下30:1
1220,样式,创1:26
1221,众多,创1:28
1222,怀孕,创4:1
1223,百三,创5:3
1224,同行,创5:22
1225,百五,创7:24
1226,百五十,创7:24
1227,以谢,创15:2
1228,断绝,创18:11
1229,承认,创18:15
1230,转身,创18:22
1231,伸出,创19:10
1232,亚米,创19:38
1233,块石,创28:11
1234,伸冤,创30:6
1235,亚设,创30:13
1236,麦子,创30:14
1237,萨迦,创30:18
1238,哈达,创36:35
1239,香料,创37:25
1240,送到,创37:32
1241,家室,出1:21
1242,邪恶,出9:27
1243,物件,出22:8
1244,孤儿,出22:22
1245,三次,出23:14
1246,拈阄,利16:8
1247,吹角,利23:24
1248,荒废,利26:43
1249,万二,民1:35
1250,辱骂,撒上25:14
1251,王后,王上11:19
1252,亚哈谢,王上22:40
1253,迦利亚,代上26:2
1254,施洗,太3:1
1255,创造,创1:1
1256,一条,创2:21
1257,果树,创3:7
1258,平平,创15:15
1259,速速,创18:6
1260,抓住,创25:26
1261,故此,创32:32
1262,办理,出18:18
1263,埋伏,出21:13
1264,凭着,出22:11
1265,红色,出25:4
1266,用以,出27:7
1267,响声,出28:35
1268,柏木,利14:4
1269,瞎子,利19:14
1270,节期,利23:2
1271,消灭,利26:39
1272,嘴唇,撒上1:13
1273,太监,撒上8:15
1274,日光,撒下12:11
1275,玛雅,王上12:22
1276,亚哈斯,王下15:38
1277,后悔,创6:6
1278,交付,创9:2
1279,拉玛,创10:7
1280,多国,创17:4
1281,从此,创17:5
1282,清早,创19:2
1283,中出,创19:29
1284,童子,创21:12
1285,底下,创21:15
1286,加在,创24:51
1287,报仇,创27:42
1288,眼看,创44:21
1289,人数,出12:4
1290,有别,出20:3
1291,不致,出20:20
1292,紫色,出25:4
1293,朱红色,出25:4
1294,百名,民1:21
1295,之上,民4:27
1296,迷惑,申11:16
1297,希利,书19:33
1298,古时,书24:2
1299,感动,士13:25
1300,谎言,士16:10
1301,巴拿,撒下4:2
1302,比拿雅,撒下8:18
1303,示玛雅,王上12:22
1304,撒迦利亚,代上26:2
1305,奥秘,伯11:6
1306,劳苦,创3:17
1307,罗得,创11:27
1308,牛群,创13:5
1309,眷顾,创18:19
1310,海边,创22:17
1311,拿来,创27:4
1312,亲嘴,创27:26
1313,以萨迦,创30:18
1314,羊毛,创31:19
1315,耳朵,创35:4
1316,存在,创37:11
1317,顶上,创49:26
1318,永永远远,出15:18
1319,有权,出21:8
1320,偏离,出32:8
1321,亲自,出33:14
1322,所传,申4:45
1323,罪过,申9:27
1324,侍立,申10:8
1325,高举,撒上2:1
1326,乌利亚,撒下11:3
1327,嗤笑,王上9:8
1328,江河,伯14:11
1329,东边,创2:14
1330,四十年,创5:13
1331,七百,创5:26
1332,山顶,创8:5
1333,早起,创19:2
1334,回头,创19:17
1335,七只,创21:28
1336,一生,创23:1
1337,住宿,创24:23
1338,与你同在,创26:3
1339,和约,创33:2
1340,何处,创37:16
1341,撇下,创44:20
1342,米拉利,创46:11
1343,床上,创48:2
1344,留在,创50:8
1345,饱足,出16:3
1346,奸淫,出20:14
1347,时常,出20:20
1348,下体,出20:26
1349,蓝色,出25:4
1350,指头,出29:12
1351,肢体,利21:18
1352,安然,利25:18
1353,希实本,民21:25
1354,希勒,民26:30
1355,尼亚,民32:8
1356,吉甲,申11:30
1357,救主,撒下22:2
1358,约雅敬,王下23:34
1359,无花果树,创3:7
1360,惊恐,创9:2
1361,大城,创10:12
1362,西珥,创14:6
1363,安安,创15:15
1364,倾覆,创19:21
1365,丰盛,创21:8
1366,嫉妒,创26:14
1367,五谷,创27:28
1368,六个,创30:19
1369,从今,创35:10
1370,人名,创38:1
1371,讲解,创40:5
1372,幼年,创46:34
1373,审判官,出2:14
1374,判官,出2:14
1375,举手,出9:29
1376,定例,出12:14
1377,诗歌,出15:2
1378,不以,出20:7
1379,干犯,出28:38
1380,条例,出28:38
1381,奇妙,出34:10
1382,所犯,利4:3
1383,五只,民7:17
1384,有时,民9:20
1385,禁止,民11:28
1386,夺取,民21:25
1387,饥饿,申8:3
1388,哈拿尼,王上16:1
1389,守门,王下7:11
1390,活人,创2:7
1391,男人,创2:23
1392,耕种,创3:23
1393,有声,创4:10
1394,止住,创8:2
1395,流人,创9:6
1396,方言,创10:5
1397,哈马,创10:18
1398,平平安安,创15:15
1399,各处,创19:4
1400,城内,创19:13
1401,一句,创24:21
1402,通达,创24:21
1403,跟着,创24:61
1404,妓女,创34:31
1405,人眼,创39:4
1406,便是,创42:38
1407,小孩,创44:20
1408,亲眼,创44:21
1409,蝗虫,出10:4
1410,力人,出17:8
1411,狂傲,出18:11
1412,四方,出27:1
1413,职分,出28:1
1414,站起,利19:32
1415,惊吓,利26:6
1416,厌弃,利26:15
1417,第十,利27:32
1418,立刻,民13:30
1419,心意,民15:39
1420,来说,申1:22
1421,树林,申19:5
1422,何况,申31:27
1423,战车,士5:28
1424,道理,伯11:4
1425,恩赐,诗85:7
1426,传道,传1:1
1427,天国,太3:2
1428,好些,太9:10
1429,因着,太15:3
1430,起初,创1:1
1431,海里,创1:26
1432,四面,创3:24
1433,男子,创4:1
1434,终日,创6:5
1435,再有,创9:11
1436,他施,创10:4
1437,相争,创13:7
1438,仍旧,创18:22
1439,饶恕,创18:24
1440,不作,创18:29
1441,利百加,创22:22
1442,此后,创23:19
1443,真是,创27:21
1444,挨近,创27:22
1445,坐下,创37:25
1446,好处,创40:14
1447,土产,创43:11
1448,水洗,创43:24
1449,厌恶,创43:32
1450,小孩子,创44:20
1451,西和,创46:20
1452,杀害,创49:6
1453,骸骨,创50:25
1454,寻索,出4:19
1455,西乃,出16:1
1456,流血,出22:2
1457,无辜,出23:7
1458,谦卑,利26:41
1459,末后,民10:25
1460,发作,民11:1
1461,名声,民14:15
1462,西宏,民21:21
1463,高者,民24:16
1464,屋子,得2:7
1465,不多,撒下15:20
1466,训人,代上15:22
1467,书卷,赛29:11
1468,赤身,创2:25
1469,羞耻,创2:25
1470,过于,创4:13
1471,基拉,创10:19
1472,及至,创12:14
1473,之外,创17:12
1474,摆在,创18:8
1475,玛迦,创22:24
1476,宽阔,创26:22
1477,大众,创30:30
1478,黑夜,创31:39
1479,牛羊,创33:13
1480,恼怒,创34:7
1481,以得,创35:21
1482,巴录,创36:23
1483,不至于,创42:2
1484,愁苦,创42:21
1485,尚且,创44:8
1486,宫里,创45:16
1487,强壮,创49:3
1488,叹息,出2:23
1489,男女,出11:2
1490,威严,出15:7
1491,大水,出15:8
1492,虚假,出23:7
1493,加上,出30:35
1494,议论,出32:12
1495,呼喊,出32:17
1496,栽种,利19:23
1497,正是,民13:20
1498,高大,民13:32
1499,到底,民21:30
1500,半支,民34:13
1501,法书,申17:18
1502,亨通,申28:29
1503,令人,申28:37
1504,意念,申31:21
1505,南方,申33:23
1506,实实,士9:15
1507,卫城,撒下5:9
1508,破坏,撒下15:34
1509,希勒家,王下18:18
1510,魔鬼,太4:1
1511,引诱,创3:13
1512,看顾,创16:13
1513,证据,创17:11
1514,二天,创19:34
1515,地中,创24:3
1516,群羊,创29:2
1517,疼痛,创34:25
1518,伺候,创39:4
1519,办事,创39:11
1520,所见,创44:8
1521,大麦,出9:31
1522,惊骇,出15:16
1523,每日,出16:21
1524,并以,出24:1
1525,石榴,出28:33
1526,三千,出32:28
1527,沙番,利11:5
1528,是非,利19:16
1529,架上,民4:10
1530,吹号,民10:7
1531,脸上,民12:14
1532,三分,民15:6
1533,固城,民32:36
1534,所选,申12:11
1535,结局,申32:20
1536,投靠,申32:37
1537,存到,书7:26
1538,证明,书22:34
1539,忠心,撒上2:35
1540,大小,撒上5:9
1541,在位,撒下5:4
1542,热心,撒下21:2
1543,拉伯,王上10:15
1544,不晓,伯32:22
1545,希利尼,可7:26
1546,羔羊,约1:29
1547,形像,创1:26
1548,野地,创2:5
1549,当中,创2:9
1550,不许,创3:1
1551,后代,创5:1
1552,里头,创7:16
1553,带出,创8:17
1554,海岛,创10:5
1555,人口,创12:5
1556,东西,创13:14
1557,以拉,创14:1
1558,伊勒,创14:6
1559,母牛,创15:9
1560,当在,创17:1
1561,你家,创17:13
1562,不受,创17:14
1563,耳中,创18:21
1564,婴孩,创21:7
1565,别是巴,创21:14
1566,手上,创24:18
1567,定要,创26:11
1568,之日,创26:18
1569,价值,创30:18
1570,逃避,创32:8
1571,何必,创32:29
1572,天天,创39:10
1573,亚比亚,出6:24
1574,明日,出7:15
1575,务要,出10:9
1576,独自,出18:14
1577,可用,出19:13
1578,决不,出22:17
1579,扰乱,出23:27
1580,包裹,出25:13
1581,接连,出25:19
1582,使用,出30:16
1583,邪淫,出34:15
1584,痊愈,利13:37
1585,清洁,民5:28
1586,立得,申7:24
1587,诸天,申32:1
1588,卫所,士9:46
1589,波阿斯,得2:1
1590,激动,撒上1:6
1591,供给,撒下17:29
1592,大雅,王下22:1
1593,基大利,王下25:22
1594,惊奇,伯17:8
1595,修理,创2:15
1596,他杀,创4:8
1597,弹琴,创4:21
1598,是因为,创5:29
1599,生子,创6:4
1600,方舟,创6:14
1601,泉源,创7:11
1602,利法,创10:3
1603,的哥,创10:21
1604,法勒,创10:25
1605,大河,创15:18
1606,在家,创17:23
1607,第二天,创19:34
1608,不必,创21:12
1609,相对,创21:16
1610,多日,创21:34
1611,送给,创23:11
1612,有些,创37:28
1613,车辆,创45:19
1614,一分,创48:22
1615,辖制,出1:11
1616,可怜,出2:6
1617,转回,出14:2
1618,全军,出14:4
1619,恐惧,出15:16
1620,棕树,出15:27
1621,洗衣,出19:10
1622,洗衣服,出19:10
1623,长久,出20:12
1624,幽暗,出20:21
1625,盘子,出25:29
1626,华美,出28:2
1627,同伴,出32:27
1628,撒种,利26:5
1629,三分之一,民15:6
1630,巴尼,民32:8
1631,灭尽,申2:14
1632,尽心,申4:29
1633,刚强,申31:6
1634,进城,书6:20
1635,宝贵,士5:25
1636,柏树,士9:15
1637,夸口,撒上2:3
1638,有益,撒上19:4
1639,显露,撒下22:16
1640,廊子,王上6:3
1641,乌西雅,王下14:21
1642,约哈难,王下25:23
1643,辩论,伯9:14
1644,讲道,可2:2
1645,水中,创1:21
1646,不好,创2:18
1647,来往,创10:11
1648,站住,创19:17
1649,二次,创22:15
1650,出入,创23:10
1651,争竞,创26:20
1652,斥责,创31:36
1653,行路,创32:1
1654,满足,创35:29
1655,追讨,创42:22
1656,一面,创45:28
1657,孩童,创47:24
1658,葬埋,创50:6
1659,场上,创50:11
1660,脚上,出3:5
1661,刚硬,出4:21
1662,犯了罪,出9:27
1663,跳舞,出15:20
1664,四角,出25:26
1665,供职,出28:35
1666,二十岁,出30:14
1667,妆饰,出33:4
1668,聚会,利8:3
1669,尊敬,利19:32
1670,仍然,民14:22
1671,亚斯,民26:31
1672,亚拉巴,申1:1
1673,拉末,申4:43
1674,立定,申32:8
1675,颂赞,士5:2
1676,耶弗他,士11:1
1677,欢欢,士19:3
1678,无益,撒上12:21
1679,守望,撒上14:16
1680,书记,撒下8:17
1681,以斯拉,王上4:31
1682,发声,代下5:13
1683,群众,诗55:14
1684,良人,歌1:13
1685,同房,创4:1
1686,正月,创8:13
1687,身子,创9:21
1688,走遍,创13:17
1689,但愿,创17:18
1690,城门口,创19:1
1691,情愿,创21:24
1692,遣使,创24:7
1693,不吃,创24:33
1694,作成,创27:4
1695,欺哄,创27:12
1696,成全,创28:15
1697,那个,创29:27
1698,此行,创29:28
1699,就近,创33:3
1700,恶行,创37:2
1701,坐席,创43:33
1702,亚达,创50:10
1703,法术,出7:11
1704,心上,出7:23
1705,得荣,出14:4
1706,消化,出15:15
1707,怨言,出15:24
1708,通到,出26:28
1709,穿着,出29:29
1710,每逢,出29:30
1711,乡村,民21:25
1712,奸恶,民23:21
1713,希兰,民26:38
1714,专心,民32:11
1715,西半,民32:33
1716,浇灌,申11:10
1717,从来,申18:14
1718,斯王,书12:22
1719,迦巴,书13:5
1720,雅比,书15:11
1721,莲山,书17:15
1722,约坦,士9:5
1723,急难,士10:14
1724,凌辱,士19:25
1725,暗嫩,撒下3:2
1726,真实,撒下7:28
1727,惭愧,撒下19:3
1728,草场,王上4:23
1729,发光,创1:15
1730,生在,创1:22
1731,跟前,创2:22
1732,生产,创3:16
1733,亚大,创4:19
1734,八十,创5:25
1735,窗户,创7:11
1736,鸽子,创8:8
1737,找不着,创8:9
1738,橡树,创12:6
1739,第八,创17:12
1740,这时,创17:21
1741,树下,创18:4
1742,上得,创20:9
1743,下手,创22:12
1744,工价,创29:15
1745,报告,创32:5
1746,不言,创34:5
1747,沙玛,创36:13
1748,玛基,创36:43
1749,木头,创40:19
1750,麻衣,创41:42
1751,听说,出5:19
1752,四境,出8:2
1753,十万,出12:37
1754,之家,出13:3
1755,静默,出14:14
1756,大发,出15:7
1757,两旁,出25:32
1758,所知,利5:1
1759,淫妇,利20:10
1760,奉到,民7:3
1761,回转,民22:23
1762,转向,申2:3
1763,一心,申18:6
1764,地界,申19:14
1765,不敬,申25:18
1766,自夸,申29:19
1767,转过,申30:3
1768,灾难,申31:17
1769,元帅,书5:14
1770,迦密,书12:22
1771,欢欢喜喜,士19:3
1772,路得,得1:4
1773,亚比亚他,撒上22:20
1774,建筑,王上6:36
1775,分争,诗80:6
1776,拿撒勒,太2:23
1777,露出,创1:9
1778,第三日,创1:13
1779,四日,创1:19
1780,多多,创1:20
1781,它们,创1:30
1782,第七日,创2:2
1783,赶出去,创3:24
1784,门前,创4:7
1785,十九,创5:27
1786,积蓄,创6:21
1787,初一,创8:5
1788,拿出,创14:20
1789,上升,创17:22
1790,年纪,创18:11
1791,老迈,创18:11
1792,差人,创20:2
1793,向来,创24:1
1794,谢拉,创36:13
1795,拉人,创36:33
1796,收回,创38:29
1797,命定,创41:32
1798,老年,创44:20
1799,多少,创47:8
1800,比他,创48:19
1801,情欲,创49:4
1802,边界,创49:26
1803,河东,创50:11
1804,加拿,出6:24
1805,明天,出8:10
1806,每年,出13:10
1807,光照,出13:21
1808,户珥,出17:10
1809,前为,出22:31
1810,脚下,出24:10
1811,治好,利13:18
1812,缺乏,利25:35
1813,举起,民18:30
1814,哀哉,民24:23
1815,并非,申7:7
1816,真的,申22:20
1817,疲乏,申25:18
1818,遮蔽,申33:12
1819,丰富,申33:19
1820,反倒,撒上2:5
1821,作孽,撒上3:13
1822,先见,撒上9:9
1823,最小,撒上17:14
1824,良心,撒上25:31
1825,十二名,撒下2:15
1826,二名,撒下2:15
1827,谋士,撒下15:12
1828,约哈斯,王下10:35
1829,屡次,王下13:3
1830,米书兰,王下22:3
1831,各省,拉4:15
1832,货物,尼10:31
1833,肉身,伯6:12
1834,无人居住,伯15:28
1835,倾倒,伯16:13
1836,腓力,太10:3
1837,巴拿巴,徒4:36
1838,生养,创1:28
1839,造成,创2:19
1840,出产,创4:3
1841,制伏,创4:7
1842,七月,创8:4
1843,西巴,创10:7
1844,尼尼微,创10:11
1845,以拦,创10:22
1846,生育,创11:30
1847,本族,创12:1
1848,惩罚,创15:14
1849,埋葬,创15:15
1850,今天,创30:32
1851,再见,创32:20
1852,本城,创34:20
1853,月亮,创37:9
1854,乳香,创37:25
1855,带子,创38:18
1856,想起,创41:9
1857,觉得,创41:31
1858,计算,创41:49
1859,口袋,创42:25
1860,名下,创48:6
1861,任意,创49:6
1862,骑马,创49:17
1863,祭祀,出3:18
1864,非尼哈,出6:25
1865,咒骂,出21:17
1866,睡觉,出22:27
1867,两块,出26:23
1868,帷子,出27:9
1869,所用,出31:11
1870,姊妹,利18:9
1871,虚无,利19:4
1872,回本,利25:41
1873,思念,民5:15
1874,徒然,民6:12
1875,信实,申7:9
1876,顾惜,申7:16
1877,管教,申8:5
1878,府库,申28:12
1879,互相,书23:12
1880,拿俄米,得1:2
1881,不使,撒上1:5
1882,讲论,撒上12:7
1883,亚多尼雅,撒下3:4
1884,亚比雅,王上14:1
1885,耶书亚,代上24:11
1886,良善,尼9:20
1887,看着,创1:12
1888,生长,创10:15
1889,夏甲,创16:1
1890,不为,创18:24
1891,第二次,创22:15
1892,亚巴,创23:2
1893,王子,创23:6
1894,哈大,创25:15
1895,玛哈,创28:9
1896,七次,创33:3
1897,报信,创37:14
1898,作过,创40:15
1899,河里,创41:2
1900,岂不知,创44:15
1901,以利加,出6:24
1902,红海,出10:19
1903,十日,出12:3
1904,工人,出12:45
1905,大事,出14:31
1906,皂荚,出25:5
1907,两条,出28:7
1908,挨着,出29:37
1909,木偶,出34:13
1910,瞎眼,利21:18
1911,反对,利26:21
1912,二十五,民8:24
1913,随着,民11:9
1914,要求,民16:10
1915,心所,民29:39
1916,学习,申4:10
1917,增多,申6:3
1918,不足,申15:8
1919,掩面,申31:17
1920,西西,士4:2
1921,西西拉,士4:2
1922,改变,撒上21:13
1923,亚比筛,撒上26:6
1924,乐器,撒下6:5
1925,绳索,撒下22:6
1926,所愿,王上9:1
1927,便哈达,王上15:18
1928,哈薛,王上19:15
1929,班次,王下11:8
1930,哈拿尼雅,代上3:19
1931,圣殿,代上29:3
1932,加给,诗9:13
1933,有生,创1:20
1934,生出,创1:24
1935,东方,创2:8
1936,迦萨,创10:19
1937,摩拉,创10:19
1938,他拉,创11:24
1939,坑里,创14:10
1940,希伯来人,创14:13
1941,左边,创14:15
1942,年老,创18:13
1943,切切,创19:3
1944,屋里,创19:3
1945,说明,创24:33
1946,递给,创27:25
1947,规矩,创29:26
1948,脚步,创30:30
1949,相连,创44:30
1950,风声,创45:16
1951,禾场,创50:10
1952,纪念,出3:15
1953,责打,出5:14
1954,以利加拿,出6:24
1955,哥亚,出7:1
1956,传遍,出9:16
1957,冰雹,出9:18
1958,亲手,出15:9
1959,得知,出18:11
1960,庄稼,出22:29
1961,腰带,出28:4
1962,上行,出30:10
1963,说出,利5:1
1964,八年,利25:22
1965,七千,民1:31
1966,得有,民11:5
1967,诱惑,民25:18
1968,退后,民32:15
1969,虽有,申13:2
1970,同心,书9:2
1971,拉吉,书10:3
1972,叩拜,书23:7
1973,废弃,士2:1
1974,老年人,士19:16
1975,隐密,撒上13:6
1976,希米,撒上21:1
1977,愚顽,撒上25:25
1978,巴沙,王上15:16
1979,暴风,伯9:17
1980,圣山,诗2:6
1981,称呼,诗89:26
1982,巡抚,但3:2
1983,分开,创1:4
1984,随意,创2:16
1985,五岁,创5:6
1986,气息,创6:17
1987,保全,创6:19
1988,十天,创7:17
1989,风吹,创8:1
1990,比人,创10:13
1991,说完,创17:22
1992,五十个,创18:24
1993,地下,创19:1
1994,喝酒,创19:32
1995,哭号,创23:2
1996,带领,创24:7
1997,却说,创24:33
1998,事情,创24:33
1999,所办,创24:66
2000,安静,创25:27
2001,愁烦,创26:35
2002,信息,创29:13
2003,田里,创30:14
2004,追上,创31:23
2005,白日,创31:39
2006,哥们,创37:2
2007,外衣,创37:23
2008,王法,创41:46
2009,无法,创41:49
2010,亲属,创43:7
2011,早已,创43:23
2012,占卜,创44:5
2013,看来,创45:8
2014,希斯,创46:9
2015,砍断,创49:6
2016,玛吉,创50:23
2017,圣地,出3:5
2018,留意,出4:21
2019,谁知,出9:7
2020,普天,出9:14
2021,自卑,出10:3
2022,快快,出12:33
2023,马匹,出14:9
2024,杀灭,出15:9
2025,喝水,出17:3
2026,贿赂,出23:8
2027,胸牌,出25:7
2028,木作,出25:10
2029,绳子,出28:14
2030,职任,出29:9
2031,腰子,出29:13
2032,偿还,利5:16
2033,势力,利19:15
2034,两样,利19:19
2035,亚嫩,民21:13
2036,想念,申9:27
2037,街市,申13:16
2038,市上,申13:16
2039,砍伐,申19:5
2040,钱财,申23:19
2041,恼恨,申29:28
2042,穹苍,申33:26
2043,大山,书11:21
2044,民和,书17:11
2045,林中,书17:15
2046,贵胄,士5:13
2047,少壮,士14:5
2048,看出,撒上12:17
2049,抵挡,撒上15:2
2050,拿八,撒上25:3
2051,洗鲁雅,撒上26:6
2052,不因,撒上28:10
2053,妄人,撒下13:13
2054,尼八,王上11:26
2055,所罗巴伯,代上3:19
2056,巴伯,代上3:19
2057,玛西雅,代上15:18
2058,亚哈随鲁,拉4:6
2059,圣经,太22:29
2060,利尼人,可7:26
2061,马其顿,徒16:9
2062,中行,创3:8
2063,生儿,创5:4
2064,九十,创5:9
2065,五年,创5:10
2066,一百二,创6:3
2067,一百二十,创6:3
2068,棚里,创9:21
2069,所建,创11:5
2070,拉撒,创14:1
2071,何利,创14:6
2072,日落,创15:17
2073,烧着,创15:17
2074,基尼,创15:19
2075,调和,创18:6
2076,迟延,创19:16
2077,变成,创19:26
2078,所指,创22:3
2079,那块,创23:17
2080,打水,创24:11
2081,玛撒,创25:14
2082,立为,创28:22
2083,除去,创30:23
2084,增添,创30:24
2085,和睦,创34:21
2086,从今以后,创35:10
2087,希幔,创36:22
2088,同来,创43:3
2089,另外,创43:22
2090,为止,创44:12
2091,雅斤,创46:10
2092,减少,出5:8
2093,懒惰,出5:8
2094,邪术,出7:11
2095,凡属,出9:4
2096,极大,出10:19
2097,边上,出14:9
2098,涂抹,出17:14
2099,回覆,出19:8
2100,闪电,出19:16
2101,可为,出20:4
2102,立时,出21:20
2103,遮掩,出25:20
2104,尺寸,出26:2
2105,所分,出28:38
2106,北边,出40:22
2107,南边,出40:24
2108,天亮,利6:9
2109,墙上,利14:37
2110,有用,利15:11
2111,吃饱,利25:19
2112,四万,民1:21
2113,日出,民2:3
2114,淫行,民14:33
2115,不求,民20:19
2116,当得,申1:12
2117,谈论,申6:7
2118,净尽,申7:2
2119,外面,申24:11
2120,讥诮,申28:37
2121,吼叫,申32:10
2122,虔诚,申33:8
2123,河西,书5:1
2124,拿伯,书11:21
2125,亚实突,书11:22
2126,以革伦,书13:3
2127,无故,书22:24
2128,年间,撒下21:1
2129,不顺,王上1:8
2130,争辩,伯9:3
2131,凄凉,伯30:3
2132,训词,诗19:8
2133,执事,路4:20
2134,实实在,约1:51
2135,实实在在,约1:51
2136,提摩太,徒16:1
2137,面上,创1:2
2138,行动,创1:28
2139,第六,创1:31
2140,定为,创2:3
2141,亚当,创2:7
2142,呼唤,创3:9
2143,该隐,创4:1
2144,活到,创5:3
2145,有名,创6:4
2146,洪水,创6:17
2147,亚基,创10:17
2148,怀中,创16:5
2149,拦阻,创20:6
2150,不当,创20:9
2151,不留,创22:16
2152,当下,创24:53
2153,家谱,创25:13
2154,明明,创26:28
2155,利家,创28:2
2156,许愿,创28:20
2157,下有,创30:39
2158,暗暗,创31:27
2159,六年,创31:41
2160,不到,创34:25
2161,以利法,创36:4
2162,佳美,创41:5
2163,防备,创41:36
2164,必是,创42:12
2165,出城,创44:4
2166,留到,出12:6
2167,十四日,出12:6
2168,作声,出14:14
2169,战士,出15:3
2170,内中,出16:20
2171,首先,出23:19
2172,烈火,出24:17
2173,利比,出30:34
2174,打破,利11:33
2175,更多,利19:25
2176,本来,利27:33
2177,中将,民8:14
2178,生起,民14:21
2179,殷勤,申4:9
2180,责罚,申28:20
2181,争论,申33:8
2182,救活,书2:13
2183,哈沙,书13:19
2184,约珥,撒上8:2
2185,相爱,撒下1:23
2186,进前,王下5:13
2187,善事,代下35:26
2188,朽坏,伯17:14
2189,新郎,诗19:5
2190,谎话,诗58:3
2191,权能,诗66:7
2192,公会,诗111:1
2193,论断,太7:1
2194,罗马,路23:38
2195,第五,创1:23
2196,流出,创2:10
2197,园中,创2:16
2198,管辖,创3:16
2199,才能,创3:17
2200,一百三十,创5:3
2201,十二年,创5:26
2202,全人,创6:9
2203,看看,创8:8
2204,蛾摩拉,创10:19
2205,哈兰,创11:26
2206,走到,创11:31
2207,比利洗,创13:7
2208,四年,创14:5
2209,麦基,创14:18
2210,此地,创15:16
2211,细亚,创18:6
2212,不行,创18:25
2213,皮袋,创21:14
2214,坟地,创23:6
2215,带回,创24:5
2216,机会,创24:12
2217,痛哭,创27:34
2218,唱歌,创31:27
2219,鉴察,创31:49
2220,前往,创33:12
2221,遭难,创35:3
2222,转到,创38:16
2223,筐子,创40:17
2224,宴乐,创43:34
2225,可说,创44:16
2226,传到,创45:16
2227,岳父,出3:1
2228,所发,出3:7
2229,万代,出3:15
2230,重重,出6:6
2231,一家,出12:3
2232,不动,出15:16
2233,发怨言,出15:24
2234,民间,出19:7
2235,上山,出19:12
2236,无罪,出20:7
2237,银钱,出22:7
2238,交出,出22:16
2239,亏负,出22:21
2240,网子,出29:13
2241,大力,出32:11
2242,营里,出32:17
2243,奉献,利1:13
2244,可行,利4:2
2245,病人,利13:12
2246,出到,利14:3
2247,必无,利20:20
2248,赎回,利25:24
2249,统领,民1:16
2250,三万,民1:35
2251,四散,民10:35
2252,转去,民20:21
2253,何其,民24:5
2254,撒路,民25:14
2255,约束,民30:2
2256,投降,申33:29
2257,急速,书4:10
2258,夏琐,书11:1
2259,伯示麦,书15:10
2260,有力,士4:24
2261,白昼,士6:27
2262,需用,士19:20
2263,尸身,士19:29
2264,用人,撒上2:5
2265,运到,撒上5:8
2266,差役,撒上8:16
2267,宽容,撒上11:3
2268,亚吉,撒上21:10
2269,谋害,撒上22:8
2270,亚比该,撒上25:3
2271,西莱雅,撒下8:17
2272,内院,王上6:36
2273,护卫兵,王上14:28
2274,卫兵,王上14:28
2275,耶洗别,王上16:31
2276,从来没,王上21:25
2277,亚们,王上22:26
2278,披上,王下19:1
2279,常存,代上29:18
2280,展开,尼8:5
2281,亵慢,诗1:1
2282,新妇,歌4:8
2283,税吏,太5:46
2284,附着,太11:18
2285,豫先,太24:25
2286,放胆,可15:43
2287,天空,创1:15
2288,地面,创1:20
2289,五日,创1:23
2290,环绕,创2:11
2291,取出,创2:23
2292,露体,创2:25
2293,仍要,创3:19
2294,一十,创5:8
2295,二月,创7:11
2296,拿鹤,创11:22
2297,俊美,创12:11
2298,前去,创18:3
2299,一夜,创19:2
2300,城外,创19:16
2301,不惧,创20:11
2302,来作,创20:12
2303,一棵,创21:33
2304,定睛,创24:21
2305,善于,创25:27
2306,太阳,创28:11
2307,必保,创28:15
2308,就算,创30:32
2309,路程,创30:36
2310,闭口,创34:5
2311,肥美,创45:18
2312,拿答,出6:23
2313,灾殃,出9:14
2314,似乎,出10:21
2315,可有,出12:19
2316,河水,出17:5
2317,地震,出19:18
2318,造就,出22:9
2319,酒榨,出22:29
2320,传说,出23:13
2321,立起,出26:30
2322,钩子,出26:33
2323,破裂,出28:32
2324,满有,出35:35
2325,千五,出38:26
2326,安放,出40:3
2327,浓酒,利10:9
2328,全身,利13:13
2329,绊脚,利19:14
2330,缺少,利22:23
2331,享受,利26:34
2332,十名,民1:25
2333,二十四,民7:88
2334,惟愿,民11:29
2335,何珥,民14:45
2336,拔出来,民22:23
2337,小山,民23:9
2338,四千人,民25:9
2339,一万二,民31:5
2340,一万二千,民31:5
2341,临门,民33:19
2342,立拿,民33:20
2343,二十三,民33:39
2344,一大,申4:7
2345,橄榄树,申8:8
2346,乾旱,申8:15
2347,侍立在,申10:8
2348,该死,申19:6
2349,修筑,申20:20
2350,惩治,申21:18
2351,安逸,申28:65
2352,福乐,申33:24
2353,隐瞒,书7:19
2354,耶琳,书9:17
2355,匠人,士5:26
2356,屈身,士16:30
2357,合宜,撒上16:18
2358,捉拿,撒上19:14
2359,爱情,撒下1:26
2360,为此,撒下2:6
2361,高台,撒下22:3
2362,避难,撒下22:3
2363,大臣,王下10:11
2364,劝戒,王下17:13
2365,眼泪,王下20:5
2366,远处,拉3:13
2367,书珊,拉4:9
2368,大君,拉4:20
2369,抱愧,拉9:6
2370,满心,斯5:9
2371,受审,伯11:10
2372,心肠,伯19:27
2373,深渊,伯28:14
2374,鞭打,伯30:8
2375,扶持,诗18:35
2376,图谋,诗31:13
2377,无可,诗53:5
2378,发昏,诗61:2
2379,门洞,箴8:3
2380,写给,箴22:20
2381,自大,赛9:9
2382,假冒,赛66:3
2383,异能,太7:22
2384,完毕,创2:2
2385,能知,创3:5
2386,同居,创3:12
2387,苦楚,创3:16
2388,蒺藜,创3:18
2389,养女,创5:4
2390,百六,创5:18
2391,美貌,创6:2
2392,大国,创12:2
2393,名为,创12:2
2394,不下,创13:6
2395,挪移,创13:12
2396,所在,创13:14
2397,交战,创14:8
2398,夺回,创14:16
2399,我家,创15:2
2400,那国,创15:14
2401,这时候,创18:10
2402,灰尘,创18:27
2403,心愿,创19:8
2404,进到,创19:31
2405,归还,创20:7
2406,收拾,创24:31
2407,人生,创24:36
2408,许久,创26:8
2409,诡计,创27:35
2410,哈拉,创28:9
2411,顾念,创30:22
2412,后头,创33:1
2413,当头,创38:17
2414,勒斯,创38:29
2415,被囚,创39:20
2416,穗子,创41:5
2417,加倍,创43:12
2418,败落,创45:11
2419,左手,创48:13
2420,买来,创49:30
2421,重担,出1:11
2422,童女,出2:8
2423,以他玛,出6:23
2424,普天下,出9:14
2425,亮光,出10:23
2426,台阶,出20:26
2427,巧匠,出26:1
2428,链子,出28:14
2429,牵到,出29:10
2430,召来,出36:2
2431,西拿,利8:29
2432,其间,利13:30
2433,为首,利21:4
2434,年数,利25:15
2435,以利押,民1:9
2436,不应,民11:23
2437,或有,民15:14
2438,曾孙,民16:1
2439,不偏,民20:17
2440,山谷,民24:6
2441,拿起,民33:21
2442,大海,民34:6
2443,见证人,民35:30
2444,证人,民35:30
2445,太平,申12:10
2446,衣襟,申22:30
2447,无力,申28:32
2448,房顶,书2:6
2449,众军,书10:5
2450,伊拉,书15:44
2451,呐喊,士7:21
2452,狂妄,撒上2:3
2453,米甲,撒上14:49
2454,悲伤,撒上15:35
2455,灵感,撒上19:20
2456,派定,撒上21:2
2457,饮食,撒上25:11
2458,俄别以东,撒下6:10
2459,巴西,撒下17:27
2460,避难所,撒下22:3
2461,亚希雅,王上11:29
2462,摇动,王上14:15
2463,基立,王上17:3
2464,俄巴底,王上18:3
2465,旋风,王下2:1
2466,哈西,王下4:12
2467,撒迦利雅,王下14:29
2468,尼哥,王下23:29
2469,沙比,代上6:45
2470,谋略,代下2:12
2471,古列,代下36:22
2472,控告,拉4:6
2473,劝勉,拉5:1
2474,强盗,伯12:6
2475,褥子,诗6:6
2476,小子,太9:2
2477,私欲,可4:19
2478,以弗所,徒18:19
2479,种子,创1:11
2480,菜蔬,创1:11
2481,记号,创1:14
2482,昆虫,创1:24
2483,六日,创1:31
2484,滋润,创2:6
2485,伊甸,创2:8
2486,取下,创2:21
2487,叶子,创3:7
2488,百一,创5:8
2489,十五岁,创5:15
2490,起头,创10:10
2491,九年,创11:19
2492,他家,创14:14
2493,利以,创15:2
2494,逃走,创16:6
2495,三十个,创18:30
2496,我行,创20:9
2497,拿刀,创22:10
2498,宝物,创24:53
2499,原处,创29:3
2500,睡着,创31:40
2501,百只,创32:14
2502,第三天,创34:25
2503,艰难,创35:16
2504,必能,创44:15
2505,何事,创46:33
2506,日后,创49:1
2507,坠落,创49:17
2508,苦害,创49:23
2509,不同,出1:19
2510,守节,出5:1
2511,放在心上,出7:23
2512,墙垣,出14:22
2513,尊崇,出15:2
2514,华发,出16:8
2515,第七天,出16:26
2516,从早,出18:13
2517,受伤,出22:10
2518,收藏,出23:10
2519,凭据,出24:8
2520,两根,出25:13
2521,陈设,出25:30
2522,并用,出26:1
2523,外袍,出28:4
2524,洗净,出29:17
2525,降下来,出33:9
2526,比加,出38:26
2527,若以,利1:3
2528,照例,利5:10
2529,二只,利5:10
2530,可因,利11:43
2531,中发,利13:25
2532,指明,利14:57
2533,诸般,利16:16
2534,拾取,利19:9
2535,国人,利25:25
2536,而有,利26:19
2537,先祖,利26:45
2538,六千,民1:21
2539,人众,民3:32
2540,好使,民4:19
2541,吃奶,民11:12
2542,尚未,民11:33
2543,刺透,民25:8
2544,高原,申1:7
2545,顽梗,申2:30
2546,亲眼看见,申3:21
2547,享福,申6:3
2548,大会,申9:10
2549,追求,申16:20
2550,妃嫔,申17:17
2551,弯曲,申32:5
2552,能比,申33:26
2553,景况,书8:14
2554,拉比,书19:8
2555,亚拿突,书21:18
2556,确实,书23:13
2557,船上,士5:17
2558,快要,士19:11
2559,门槛,士19:27
2560,财主,得2:1
2561,香膏,撒上8:13
2562,基士,撒上9:1
2563,亚撒黑,撒下2:18
2564,地步,撒下7:18
2565,夏天,撒下16:1
2566,动摇,撒下22:8
2567,雅哈,撒下23:32
2568,十一年,王上6:38
2569,暗利,王上16:16
2570,总督,王上22:47
2571,虚妄,王下17:15
2572,锡安山,王下19:31
2573,安山,王下19:31
2574,亚希甘,王下22:12
2575,尼探雅,王下25:23
2576,多比雅,代下17:8
2577,待人,代下19:7
2578,流泪,斯8:3
2579,暗里,伯18:18
2580,暂时,伯20:5
2581,无声,伯29:10
2582,定罪,伯34:29
2583,大大的,诗6:3
2584,表明,诗26:6
2585,绊跌,诗27:2
2586,知足,诗65:4
2587,和文,太15:1
2588,西门彼得,太16:16
2589,腓利,徒6:5
2590,各从其类,创1:11
2591,但有,创2:6
2592,玛瑙,创2:12
2593,十二岁,创5:8
2594,二岁,创5:8
2595,挑选,创6:2
2596,淹没,创7:19
2597,沙拉,创10:24
2598,米沙,创10:30
2599,撒莱,创11:29
2600,利乏音,创14:5
2601,以此,创15:6
2602,人家,创19:2
2603,攻破,创19:9
2604,容易,创19:20
2605,放声,创21:16
2606,弓箭,创21:20
2607,米亚,创24:10
2608,帕子,创24:65
2609,重新,创26:18
2610,寻见,创30:14
2611,面向,创31:21
2612,不配,创32:10
2613,一把,创32:25
2614,充足,创33:11
2615,疏割,创33:17
2616,尊重,创34:19
2617,亚雅,创36:24
2618,法勒斯,创38:29
2619,东风,创41:6
2620,可见,创41:39
2621,次子,创41:52
2622,装满,创42:25
2623,偷窃,创44:8
2624,耽延,创45:9
2625,爱惜,创45:20
2626,车上,创46:5
2627,亚罗,创46:16
2628,报复,创50:15
2629,怀里,出4:6
2630,妹妹,出6:20
2631,何时,出8:9
2632,西面,出9:11
2633,出离,出11:10
2634,步行,出12:37
2635,主意,出18:19
2636,赔还,出21:34
2637,烧尽,出22:6
2638,绣花,出26:36
2639,橛子,出27:19
2640,幕前,出29:10
2641,承接,出29:22
2642,圣职,出29:22
2643,不降,出32:12
2644,面有,出38:12
2645,熄灭,利6:12
2646,何人,利7:25
2647,不拘,利11:32
2648,背弃,利26:15
2649,五万,民1:23
2650,片时,民4:20
2651,捉住,民5:13
2652,何不,民11:11
2653,得撒,民26:33
2654,带兵,民31:3
2655,一带,民32:19
2656,尽性,申4:29
2657,只因,申7:8
2658,车马,申11:4
2659,借给,申15:2
2660,断定,申17:11
2661,凶恶,申19:16
2662,指给,申34:3
2663,西弗,书15:15
2664,不来,士5:23
2665,美丽,士15:2
2666,野狗,士15:4
2667,束腰,撒上2:4
2668,胜于,撒上15:22
2669,亚希米勒,撒上21:1
2670,哀歌,撒下1:17
2671,米非波设,撒下4:4
2672,围攻,撒下11:1
2673,竭力,撒下11:25
2674,来看,撒下13:5
2675,必应,撒下14:16
2676,亚希多弗,撒下15:12
2677,愚拙,撒下15:31
2678,巴人,撒下17:27
2679,高傲,撒下22:28
